{
	"info": {
		"_postman_id": "5c4db347-c532-444a-9fa1-adfbb4cd524e",
		"name": "nextworkinday",
		"schema": "https://schema.getpostman.com/json/collection/v2.1.0/collection.json",
		"_exporter_id": "15842804",
		"_collection_link": "https://lively-satellite-376567.postman.co/workspace/GC-webservices~7e39f134-8b37-468e-9fc7-784b7fc2ce1a/collection/15842804-5c4db347-c532-444a-9fa1-adfbb4cd524e?action=share&source=collection_link&creator=15842804"
	},
	"item": [
		{
			"name": "nextworkingday",
			"protocolProfileBehavior": {
				"disableBodyPruning": true
			},
			"request": {
				"method": "GET",
				"header": [],
				"body": {
					"mode": "raw",
					"raw": "",
					"options": {
						"raw": {
							"language": "json"
						}
					}
				},
				"url": {
					"raw": "https://localhost:8443/api/nextworkingday?dateInput=",
					"protocol": "https",
					"host": [
						"localhost"
					],
					"port": "8443",
					"path": [
						"api",
						"nextworkingday"
					],
					"query": [
						{
							"key": "dateInput",
							"value": ""
						}
					]
				}
			},
			"response": []
		},
		{
			"name": "nextworking day API docs",
			"protocolProfileBehavior": {
				"disableBodyPruning": true
			},
			"request": {
				"auth": {
					"type": "basic",
					"basic": [
						{
							"key": "password",
							"value": "7cbea4e7-f8ae-41da-aad3-915f5cc60306",
							"type": "string"
						},
						{
							"key": "username",
							"value": "user",
							"type": "string"
						}
					]
				},
				"method": "GET",
				"header": [],
				"body": {
					"mode": "raw",
					"raw": "",
					"options": {
						"raw": {
							"language": "json"
						}
					}
				},
				"url": {
					"raw": "https://localhost:8443/v2/api-docs",
					"protocol": "https",
					"host": [
						"localhost"
					],
					"port": "8443",
					"path": [
						"v2",
						"api-docs"
					]
				}
			},
			"response": []
		},
		{
			"name": "publicholidays",
			"protocolProfileBehavior": {
				"disableBodyPruning": true
			},
			"request": {
				"auth": {
					"type": "basic",
					"basic": [
						{
							"key": "password",
							"value": "263f3c13-ad9a-4ad4-b931-50627b25b9d2",
							"type": "string"
						},
						{
							"key": "username",
							"value": "user",
							"type": "string"
						}
					]
				},
				"method": "GET",
				"header": [],
				"body": {
					"mode": "raw",
					"raw": "",
					"options": {
						"raw": {
							"language": "json"
						}
					}
				},
				"url": {
					"raw": "https://localhost:8443/api/publicholidays",
					"protocol": "https",
					"host": [
						"localhost"
					],
					"port": "8443",
					"path": [
						"api",
						"publicholidays"
					]
				}
			},
			"response": []
		},
		{
			"name": "addpublicholiday",
			"request": {
				"auth": {
					"type": "basic",
					"basic": [
						{
							"key": "password",
							"value": "ccc3f392-93b6-4c81-8aa2-54ae34723869",
							"type": "string"
						},
						{
							"key": "username",
							"value": "user",
							"type": "string"
						}
					]
				},
				"method": "POST",
				"header": [],
				"body": {
					"mode": "raw",
					"raw": "{\n    \"publicHolidayDate\": \"2023-09-20\"\n}\n",
					"options": {
						"raw": {
							"language": "json"
						}
					}
				},
				"url": {
					"raw": "https://localhost:8443/api/addpublicholiday",
					"protocol": "https",
					"host": [
						"localhost"
					],
					"port": "8443",
					"path": [
						"api",
						"addpublicholiday"
					]
				}
			},
			"response": []
		}
	]
}